{
  "PC Controller Headless Mode": {
    "passed": true,
    "duration": 0.05585479736328125
  },
  "Network Protocol Compatibility": {
    "passed": true,
    "duration": 8.654594421386719e-05
  },
  "Android UI Integration": {
    "passed": true,
    "duration": 0.0004622936248779297
  },
  "Time Synchronization": {
    "passed": true,
    "duration": 0.0011985301971435547
  },
  "Remote Commands": {
    "passed": true,
    "duration": 2.7418136596679688e-05
  },
  "Security Features": {
    "passed": true,
    "duration": 0.0001666545867919922
  },
  "Error Recovery": {
    "passed": true,
    "duration": 0.00023484230041503906
  },
  "Build System": {
    "passed": true,
    "duration": 0.00010228157043457031
  },
  "Deployment Readiness": {
    "passed": true,
    "duration": 7.581710815429688e-05
  },
  "End-to-End Functionality": {
    "passed": true,
    "duration": 2.6464462280273438e-05
  }
}