{
  "PC Controller Headless Mode": {
    "passed": true,
    "duration": 0.058049678802490234
  },
  "Network Protocol Compatibility": {
    "passed": true,
    "duration": 0.00017118453979492188
  },
  "Android UI Integration": {
    "passed": true,
    "duration": 0.0006327629089355469
  },
  "Time Synchronization": {
    "passed": true,
    "duration": 0.0011899471282958984
  },
  "Remote Commands": {
    "passed": true,
    "duration": 5.8650970458984375e-05
  },
  "Security Features": {
    "passed": true,
    "duration": 0.00022459030151367188
  },
  "Error Recovery": {
    "passed": true,
    "duration": 0.0003352165222167969
  },
  "Build System": {
    "passed": true,
    "duration": 0.00014591217041015625
  },
  "Deployment Readiness": {
    "passed": true,
    "duration": 0.00013971328735351562
  },
  "End-to-End Functionality": {
    "passed": true,
    "duration": 4.601478576660156e-05
  }
}