{
  "PC Controller Headless Mode": {
    "passed": true,
    "duration": 2.2968149185180664
  },
  "Network Protocol Compatibility": {
    "passed": true,
    "duration": 8.606910705566406e-05
  },
  "Android UI Integration": {
    "passed": true,
    "duration": 0.0003960132598876953
  },
  "Time Synchronization": {
    "passed": true,
    "duration": 0.0012156963348388672
  },
  "Remote Commands": {
    "passed": true,
    "duration": 2.9087066650390625e-05
  },
  "Security Features": {
    "passed": true,
    "duration": 0.0001678466796875
  },
  "Error Recovery": {
    "passed": true,
    "duration": 0.00020599365234375
  },
  "Build System": {
    "passed": true,
    "duration": 9.274482727050781e-05
  },
  "Deployment Readiness": {
    "passed": true,
    "duration": 7.271766662597656e-05
  },
  "End-to-End Functionality": {
    "passed": true,
    "duration": 2.5510787963867188e-05
  }
}